{
 "actualizado": "2026-06-13T13:32:37.868457Z",
 "firma": "b4f9065e031c308f50c3f6c9e84502854b62bc1d",
 "partidos_finalizados": 4,
 "puntos_acumulados": 11,
 "aciertos_marcador_exacto": 0,
 "aciertos_resultado": 2,
 "modelo": {
  "rho": -0.049999999999999906,
  "blend_w": 0.65
 },
 "backtest": {
  "WC2018": {
   "accuracy_1x2": 0.5938,
   "log_loss": 0.9724,
   "rps": 0.2061,
   "n": 64
  },
  "WC2022": {
   "accuracy_1x2": 0.5312,
   "log_loss": 1.0425,
   "rps": 0.2221,
   "n": 64
  },
  "intl_2023_2025": {
   "accuracy_1x2": 0.6117,
   "log_loss": 0.8724,
   "rps": 0.1689,
   "n": 2184
  }
 }
}