{
  "rho": -0.049999999999999906,
  "blend_w": 0.65,
  "baseline_intercept": 0.2954219589669353,
  "baseline_coef": 0.0
}